ID,NOMBRE,APELLIDO,COLOR
1,Freda,Elgy,Aquamarine
2,Neddy,Elkington,Blue
3,Cleve,O'Logan,Khaki
4,Graig,Jandac,Green
5,Brody,Brisland,Indigo
6,Coral,Drew,Fuscia
7,Lisetta,Neilly,Fuscia
8,Avigdor,Lamers,Pink
9,Dick,Padrick,Aquamarine
10,Jany,Rosten,Aquamarine
11,Shell,Berthouloume,Green
12,Haslett,Enrdigo,Blue
13,Willi,Conti,Puce
14,Ber,Yesson,Purple
15,Humfrey,Cornick,Turquoise
16,Marie,Wodham,Orange
17,Donavon,Apfelmann,Purple
18,Rainer,Whisker,Green
19,Jason,Height,Purple
20,Ron,Doore,Mauv
21,Stormie,Ollier,Green
22,Pembroke,Wyrill,Teal
23,Cam,Fooks,Aquamarine
24,Raddy,Bert,Orange
25,Amelie,Capenor,Red
26,Romain,Vannoort,Goldenrod
27,Cecilia,Uttermare,Crimson
28,Cassy,Dunstan,Khaki
29,Amitie,Twinborne,Pink
30,Susie,Mineghelli,Teal
31,Vassili,Juckes,Teal
32,Iormina,Davidescu,Fuscia
33,Dominick,Rhymer,Orange
34,Hewie,Bartlomiej,Khaki
35,Ric,Yorke,Yellow
36,Waylin,Windibank,Mauv
37,Derry,Baraclough,Yellow
38,Bil,Weatherdon,Green
39,Loy,Sloat,Khaki
40,Virgie,Crunden,Aquamarine
41,Chloris,Hark,Crimson
42,Julietta,Brattan,Turquoise
43,Elva,Orteu,Pink
44,Tore,Middleweek,Goldenrod
45,Marlo,Winchurst,Crimson
46,Tallia,Radleigh,Pink
47,Salmon,MacQuarrie,Indigo
48,Lambert,Vink,Purple
49,Rollie,Dorbon,Green
50,Devinne,Thorp,Purple
51,Stormie,Radnedge,Blue
52,Laney,Jendas,Puce
53,Renaldo,Yersin,Indigo
54,Donnie,Shoebrook,Fuscia
55,Gayelord,Theakston,Mauv
56,Savina,Milner,Violet
57,Persis,Shatliff,Pink
58,Temple,Stilliard,Indigo
59,Jard,Tort,Mauv
60,Adriena,Scardefield,Red
61,Olav,Garwood,Pink
62,Gretal,Kneesha,Blue
63,Felicity,Choake,Violet
64,Mireielle,Peebles,Aquamarine
65,Eldin,Matejka,Pink
66,Olympia,Ruprecht,Fuscia
67,Zorah,Spare,Indigo
68,Jaime,Taysbil,Indigo
69,Amber,Fontin,Pink
70,Binny,Walewski,Purple
71,Car,Shearsby,Fuscia
72,Melinda,Harnett,Maroon
73,Gregoire,Wathall,Maroon
74,Harriett,Bisiker,Aquamarine
75,Lynnelle,Cotta,Teal
76,Alvin,Embery,Maroon
77,Ronnie,Finan,Purple
78,Christina,Phittiplace,Indigo
79,Charlton,Hritzko,Aquamarine
80,Carly,Pashby,Goldenrod
81,Langsdon,Kern,Indigo
82,Brooks,Howton,Violet
83,Cassey,Wethey,Green
84,Birgit,de la Tremoille,Yellow
85,Carmine,Fernao,Red
86,Casi,MacIntosh,Orange
87,Catherina,Haggar,Teal
88,Gregorio,Larraway,Violet
89,Rorie,Myers,Goldenrod
90,Phedra,Lyokhin,Purple
91,Dorian,McClure,Mauv
92,Nathan,Bufton,Mauv
93,Ginger,Corbet,Purple
94,Shaina,Helliker,Khaki
95,Marni,Arkow,Khaki
96,Jorrie,Lonsbrough,Blue
97,Thacher,Fitzackerley,Turquoise
98,Dinnie,Kermon,Red
99,Rodolph,Trouncer,Fuscia
100,Corenda,Kemball,Turquoise
