id,first_name,last_name,color
1,Carlo,Lemmers,Fuscia
2,Gaile,Thrower,Khaki
3,Fabiano,Odhams,Fuscia
4,Fay,Tesyro,Goldenrod
5,Sergeant,Mougeot,Fuscia
6,Margy,Igglesden,Orange
7,Esteban,Davidavidovics,Blue
8,Fernande,Brumham,Turquoise
9,Karia,Burrel,Maroon
10,Harlin,Haddy,Fuscia
11,Marylinda,Deverille,Purple
12,Orella,Duncanson,Teal
13,Christophe,Rastrick,Turquoise
14,Justina,Shrieve,Red
15,Agathe,Harlin,Purple
16,Eleanore,Warman,Green
17,Lorraine,Alexander,Orange
18,Emmy,Cleminson,Violet
19,Lishe,Rapper,Pink
20,Jorey,Mapes,Violet
21,Lilias,D'Alesio,Blue
22,Kahaleel,Fleeming,Purple
23,Hali,Harford,Violet
24,Roberta,Lawland,Puce
25,Dame,Deshon,Khaki
26,Fraser,Deegan,Pink
27,Roselia,Kern,Mauv
28,Andrea,Yarnton,Khaki
29,Gregoor,Tolcher,Orange
30,Rosemary,Dusting,Red
31,Kennith,Daynter,Goldenrod
32,Hilliard,Sempill,Green
33,Barbey,Castletine,Violet
34,Sergio,Veitch,Purple
35,Pavel,Kingerby,Red
36,Trace,Padbery,Khaki
37,Parry,Kinkaid,Puce
38,Denna,Wackly,Pink
39,Brinn,Fullard,Red
40,Germain,De la Yglesias,Khaki
41,Minnie,Frigout,Khaki
42,Christoforo,Marquese,Indigo
43,Padraig,Bowland,Fuscia
44,Aldis,Oris,Goldenrod
45,Berry,Garfit,Yellow
46,Erda,Turfitt,Mauv
47,Melba,Surpliss,Aquamarine
48,Josephina,Swalwel,Green
49,Christiano,Daville,Pink
50,Lia,Streeton,Green
51,Emelen,Joyes,Purple
52,Renate,Goldis,Teal
53,Lock,Andrelli,Indigo
54,Josephina,Hurne,Fuscia
55,Berny,Schutter,Aquamarine
56,Abbi,Bonder,Fuscia
57,Freddy,Bernaldez,Khaki
58,Haleigh,Jeromson,Orange
59,Corrie,Billham,Teal
60,Lonnie,Cawson,Turquoise
61,Colby,Tellesson,Aquamarine
62,Willa,Stebbings,Puce
63,Jyoti,Ervin,Teal
64,Abel,Vasiltsov,Orange
65,Alberik,Coulson,Turquoise
66,Boniface,Kilbride,Purple
67,Kristi,Silbert,Maroon
68,Bennett,Wylam,Crimson
69,Abe,d'Arcy,Blue
70,Rubie,Fullbrook,Crimson
71,Gwenore,Stiger,Blue
72,Matty,Belleny,Violet
73,Gabrila,Carroll,Aquamarine
74,Marisa,Elbourne,Aquamarine
75,Marlyn,Stovell,Mauv
76,Karine,Pond,Pink
77,Berkly,Shivlin,Aquamarine
78,Dulcinea,Rottenbury,Violet
79,Katusha,Jewis,Indigo
80,Reba,Fumagallo,Violet
81,Annmarie,Eldredge,Aquamarine
82,Nicko,Hellings,Violet
83,Guillemette,Dillimore,Turquoise
84,Ahmad,Davidde,Crimson
85,Owen,Hainning,Yellow
86,Zara,Dorbin,Khaki
87,Dillon,Toland,Khaki
88,Tory,Crilly,Red
89,Lanny,Boken,Aquamarine
90,Dominick,Rigbye,Indigo
91,Jerrold,Cahani,Yellow
92,Mimi,Veld,Khaki
93,Rochell,Lobley,Orange
94,Kylie,Wedge,Blue
95,Astrix,Bemlott,Maroon
96,Gracia,Spraberry,Aquamarine
97,Jenelle,Sellors,Violet
98,Gladys,De Bischof,Green
99,Albie,Haberfield,Orange
100,Cassondra,Braunes,Green
